INSERT INTO author (id, name, system_grade) VALUES
    (1001, 'J. K. Rowling', 0),
    (1002, 'C.S. Lewis', 0),
    (1003, 'Henry H. Neff', 0),
    (1004, 'Rick Riordan', 0),
    (1005, 'Borislav Pekic', 0),
    (1006, 'scott Lynch', 0),
    (1007, 'Brandon Sanderson', 0),
    (1008, 'stephen king', 0),
    (1009, 'Jane Austen', 0),
    (1010, 'Ernest Hemingway', 0),
    (1011, 'George Orwell', 0),
    (1012, 'Albert Camus', 0),
    (1013, 'Robert Muchamore', 0),
    (1014, 'Patrick Rothfuss', 0),
    (1015, 'George R. R. Martin', 0),
    (1016, 'Orson Scott Card', 0);

INSERT INTO genre (id, name, system_grade) VALUES
        (100, 'Fantasy', 0),
        (200, 'Adventure', 0),
        (300, 'Contemporary ', 0),
        (400, 'Dystopian', 0),
        (500, 'Mystery', 0),
        (600, 'Romance', 0),
        (700, 'Horror', 0),
        (800, 'Thriller', 0),
        (900, 'Paranormal', 0),
        (1000, 'Historical fiction', 0),
        (1100, 'science fiction', 0),
        (1200, 'Memoir', 0),
        (1300, 'Cooking', 0),
        (1400, 'Art', 0),
        (1500, 'self help', 0),
        (1600, 'Development', 0),
        (1700, 'Motivational', 0),
        (1800, 'Health', 0),
        (1900, 'History', 0),
        (2000, 'Travel', 0),
        (2100, 'How to', 0),
        (2200, 'Families and relationships', 0),
        (2300, 'Comedy', 0),
        (2400, 'Crime', 0);

--narnia, 1026
INSERT INTO book (id, based_on_real_event, br_pregleda, nobel_prize, page_num, series, series_number,
    system_grade, target_audience, title, year_of_publishing, author_id, user_recommended_score) VALUES
    (1001, FALSE, 240, FALSE, 223, 'Harry Potter', 1, 0, '1', 'Harry Potter and the philosophers stone', 1997, 1001, 0),
    (1002, FALSE, 240, FALSE, 251, 'Harry Potter', 2, 0, '1', 'Harry Potter and the chamber of secrets', 1998, 1001, 0),
    (1003, FALSE, 240, FALSE, 317, 'Harry Potter', 3, 0, '1', 'Harry Potter and the prisoner from Azkaban', 1999, 1001, 0),
    (1004, FALSE, 240, FALSE, 636, 'Harry Potter', 4, 0, '1', 'Harry Potter and the goblet of fire', 2000, 1001, 0),
    (1005, FALSE, 240, FALSE, 766, 'Harry Potter', 5, 0, '1', 'Harry Potter and the order of the phoenix', 2003, 1001, 0),
    (1006, FALSE, 240, FALSE, 607, 'Harry Potter', 6, 0, '1', 'Harry Potter and the half blood prince', 2005, 1001, 0),
    (1007, FALSE, 240, FALSE, 607, 'Harry Potter', 7, 0, '1', 'Harry Potter and the deathly hallows', 2007, 1001, 0),
    (1008, FALSE, 240, FALSE, 223, 'The chronicles of Narnia', 1, 0, '0', 'The Lion, the witch and the wardrobe', 1950, 1002, 0),
    (1009, FALSE, 240, FALSE, 223, 'The chronicles of Narnia', 2, 0, '0', 'Prince Caspian', 1951, 1002, 0),
    (1010, FALSE, 240, FALSE, 223, 'The chronicles of Narnia', 3, 0, '0', 'The voyage of the dawn treader', 1952, 1002, 0),
    (1011, FALSE, 240, FALSE, 223, 'The chronicles of Narnia', 4, 0, '0', 'The silver chair', 1953, 1002, 0),
    (1012, FALSE, 240, FALSE, 223, 'The chronicles of Narnia', 5, 0, '0', 'The horse and his boy', 1954, 1002, 0),
    (1013, FALSE, 240, FALSE, 223, 'The chronicles of Narnia', 6, 0, '0', 'The magicians nephew', 1955, 1002, 0),
    (1014, FALSE, 240, FALSE, 223, 'The chronicles of Narnia', 7, 0, '0', 'The last battle', 1956, 1002, 0),
    (1015, FALSE, 240, FALSE, 419, 'The tapestry', 1, 0, '1', 'The hound of Rowan', 2007, 1003, 0),
    (1016, FALSE, 240, FALSE, 483, 'The tapestry', 2, 0, '1', 'The Second Siege', 2008, 1003, 0),
    (1017, FALSE, 240, FALSE, 547, 'The tapestry', 3, 0, '1', 'The Fiend and the Forge', 2010, 1003, 0),
    (1018, FALSE, 240, FALSE, 480, 'The tapestry', 4, 0, '1', 'The Maelstrom', 2012, 1003, 0),
    (1019, FALSE, 240, FALSE, 480, 'The tapestry', 5, 0, '1', 'The Red Winter', 2014, 1003, 0),
    (1020, FALSE, 240, FALSE, 377, 'Percy Jackson and the Olympians', 1, 0, '0', 'The Lightning Thief', 2006, 1004, 0),
    (1021, FALSE, 240, FALSE, 279, 'Percy Jackson and the Olympians', 2, 0, '0', 'The Sea of Monsters', 2006, 1004, 0),
    (1022, FALSE, 240, FALSE, 320, 'Percy Jackson and the Olympians', 3, 0, '0', 'The Titans Curse ', 2007, 1004, 0),
    (1023, FALSE, 240, FALSE, 361, 'Percy Jackson and the Olympians', 4, 0, '0', 'The Battle of the Labyrinth', 2008, 1004, 0),
    (1024, FALSE, 240, FALSE, 381, 'Percy Jackson and the Olympians', 5, 0, '0', 'The Last Olympian', 2009, 1004, 0),
    (1025, FALSE, 240, FALSE, 530, 'Rabies-Atlantis-1999', 1, 0, '3', 'Rabies', 1983, 1005, 0),
    (1026, FALSE, 240, FALSE, 381, 'Rabies-Atlantis-1999', 2, 0, '3', 'Atlantis', 1988, 1005, 0),
    (1027, FALSE, 240, FALSE, 488, 'Rabies-Atlantis-1999', 3, 0, '3', '1999', 1984, 1005, 0),
    (1028, FALSE, 240, FALSE, 228, '', 0, 0, '3', 'Rise and fall of Ikar Gulbenkian', 1977, 1005, 0),
    (1029, FALSE, 240, FALSE, 289, '', 0, 0, '3', 'New Jerusalem', 1988, 1005, 0),
    (1030, FALSE, 240, FALSE, 752, 'Gentleman Bastard', 1, 0, '2', 'The Lies of Locke Lamora', 2006, 1006, 0),
    (1031, FALSE, 240, FALSE, 578, 'Gentleman Bastard', 2, 0, '2', 'Red Seas Under Red Skies', 2007, 1006, 0),
    (1032, FALSE, 240, FALSE, 650, 'Gentleman Bastard', 3, 0, '2', 'The Republic of Thieves', 2013, 1006, 0),
    (1033, FALSE, 240, FALSE, 1007, 'The Stormlight Archive', 1, 0, '2', 'The Way of Kings', 2010, 1007, 0),
    (1034, FALSE, 240, FALSE, 1087, 'The Stormlight Archive', 2, 0, '2', 'Words of Radiance', 2014, 1007, 0),
    (1035, FALSE, 240, FALSE, 1248, 'The Stormlight Archive', 3, 0, '2', 'Oathbringer', 2017, 1007, 0),
    (1036, FALSE, 240, FALSE, 1232, 'The Stormlight Archive', 4, 0, '2', 'Rhythm of War', 2020, 1007, 0),
    (1037, FALSE, 240, FALSE, 541, 'The Mistborn Saga', 1, 0, '2', 'The Final Empire', 2006, 1007, 0),
    (1038, FALSE, 240, FALSE, 590, 'The Mistborn Saga', 2, 0, '2', 'The Well of Ascension', 2007, 1007, 0),
    (1039, FALSE, 240, FALSE, 572, 'The Mistborn Saga', 3, 0, '2', 'The Hero of Ages', 2008, 1007, 0),
    (1040, FALSE, 240, FALSE, 332, 'The Mistborn Saga', 4, 0, '2', 'The Alloy of Law', 2011, 1007, 0),
    (1041, FALSE, 240, FALSE, 383, 'The Mistborn Saga', 5, 0, '2', 'Shadows of Self', 2015, 1007, 0),
    (1042, FALSE, 240, FALSE, 448, 'The Mistborn Saga', 6, 0, '2', 'The Bands of Mourning', 2016, 1007, 0),
    (1043, FALSE, 240, FALSE, 659, 'The Shining', 1, 0, '3', 'The Shining', 1977, 1008, 0),
    (1044, FALSE, 240, FALSE, 531, 'The Shining', 2, 0, '3', 'Doctor Sleep', 2013, 1008, 0),
    (1045, FALSE, 240, FALSE, 1116, '', 0, 0, '3', 'It', 1987, 1008, 0),
    (1046, FALSE, 240, FALSE, 1152, '', 0, 0, '3', 'The Stand', 1977, 1008, 0),
    (1047, FALSE, 240, FALSE, 231, 'The Dark Tower', 1, 0, '3', 'The Gunslinger', 1982, 1008, 0),
    (1048, FALSE, 240, FALSE, 463, 'The Dark Tower', 2, 0, '3', 'The Drawing of the Three', 1987, 1008, 0),
    (1049, FALSE, 240, FALSE, 422, 'The Dark Tower', 3, 0, '3', 'The Waste Lands', 1991, 1008, 0),
    (1050, FALSE, 240, FALSE, 845, 'The Dark Tower', 4, 0, '3', 'Wizard and Glass', 1997, 1008, 0),
    (1051, FALSE, 240, FALSE, 931, 'The Dark Tower', 5, 0, '3', 'Wolves of the Calla', 2003, 1008, 0),
    (1052, FALSE, 240, FALSE, 544, 'The Dark Tower', 6, 0, '3', 'Song of Susannah', 2004, 1008, 0),
    (1053, FALSE, 240, FALSE, 659, 'The Dark Tower', 7, 0, '3', 'The Dark Tower', 2004, 1008, 0),
    (1054, FALSE, 240, FALSE, 370, '', 0, 0, '3', 'Misery', 1987, 1008, 0),
    (1055, FALSE, 240, FALSE, 279, '', 0, 0, '3', 'Pride and Prejudice', 1813, 1009, 0),
    (1056, FALSE, 240, FALSE, 409, '', 0, 0, '3', 'Sense and Sensibility', 1811, 1009, 0),
    (1057, FALSE, 240, FALSE, 474, '', 0, 0, '3', 'Emma', 1815, 1009, 0),
    (1058, FALSE, 240, FALSE, 249, '', 0, 0, '3', 'Persuasion', 1817, 1009, 0),
    (1059, FALSE, 240, FALSE, 251, '', 0, 0, '3', 'Northanger Abbey', 1818, 1009, 0),
    (1060, FALSE, 240, FALSE, 488, '', 0, 0, '3', 'Mansfield Park', 1814, 1009, 0),
    (1061, FALSE, 240, FALSE, 96, '', 0, 0, '3', 'The Old Man and the Sea', 1952, 1010, 0),
    (1062, FALSE, 240, FALSE, 189, '', 0, 0, '3', 'The Sun Also Rises', 1926, 1010, 0),
    (1063, FALSE, 240, FALSE, 471, '', 0, 0, '3', 'For Whom the Bell Tolls', 1940, 1010, 0),
    (1064, FALSE, 240, FALSE, 293, '', 0, 0, '3', 'A Farewell to Arms', 1929, 1010, 0),
    (1065, FALSE, 240, FALSE, 192, '', 0, 0, '3', 'A Moveable Feast', 1964, 1010, 0),
    (1066, FALSE, 240, FALSE, 237, '', 0, 0, '3', '1984', 1949, 1011, 0),
    (1067, FALSE, 240, FALSE, 141, '', 0, 0, '3', 'Animal Farm', 1945, 1011, 0),
    (1068, FALSE, 240, FALSE, 123, '', 0, 0, '3', 'The Stranger', 1942, 1012, 0),
    (1069, FALSE, 240, FALSE, 308, '', 0, 0, '3', 'The Plague', 1947, 1012, 0),
    (1070, FALSE, 240, FALSE, 147, '', 0, 0, '3', 'The Fall', 1956, 1012, 0),
    (1071, FALSE, 240, FALSE, 342, 'CHERUB', 1, 0, '2', 'The Recruit', 2004, 1013, 0),
    (1072, FALSE, 240, FALSE, 291, 'CHERUB', 2, 0, '2', 'Class A', 2004, 1013, 0),
    (1073, FALSE, 240, FALSE, 277, 'CHERUB', 3, 0, '2', 'Maximum Security', 2005, 1013, 0),
    (1074, FALSE, 240, FALSE, 306, 'CHERUB', 4, 0, '2', 'The Killing', 2005, 1013, 0),
    (1075, FALSE, 240, FALSE, 360, 'CHERUB', 5, 0, '2', 'Divine Madness', 2006, 1013, 0),
    (1076, FALSE, 240, FALSE, 298, 'CHERUB', 6, 0, '2', 'Man vs. Beast', 2006, 1013, 0),
    (1077, FALSE, 240, FALSE, 330, 'CHERUB', 7, 0, '2', 'The Fall', 2006, 1013, 0),
    (1078, FALSE, 240, FALSE, 389, 'CHERUB', 8, 0, '2', 'Mad Dogs', 2007, 1013, 0),
    (1079, FALSE, 240, FALSE, 312, 'CHERUB', 9, 0, '2', 'The Sleepwalker', 2008, 1013, 0),
    (1080, FALSE, 240, FALSE, 329, 'CHERUB', 10, 0, '2', 'The General', 2008, 1013, 0),
    (1081, FALSE, 240, FALSE, 406, 'CHERUB', 11, 0, '2', 'Brigands M.C.', 2009, 1013, 0),
    (1082, FALSE, 240, FALSE, 298, 'Hendersons Boys', 1, 0, '2', 'The Escape', 2009, 1013, 0),
    (1083, FALSE, 240, FALSE, 432, 'Hendersons Boys', 2, 0, '2', 'Eagle Day', 2009, 1013, 0),
    (1084, FALSE, 240, FALSE, 363, 'Hendersons Boys', 3, 0, '2', 'Secret Army', 2010, 1013, 0),
    (1085, FALSE, 240, FALSE, 464, 'Hendersons Boys', 4, 0, '2', 'Grey Wolves', 2011, 1013, 0),
    (1086, FALSE, 240, FALSE, 354, 'Hendersons Boys', 5, 0, '2', 'The Prisoner', 2012, 1013, 0),
    (1087, FALSE, 240, FALSE, 329, 'Hendersons Boys', 6, 0, '2', 'One Shot Kill', 2012, 1013, 0),
    (1088, FALSE, 240, FALSE, 336, 'Hendersons Boys', 7, 0, '2', 'Scorched Earth', 2012, 1013, 0),
    (1089, FALSE, 240, FALSE, 662, 'The Kingkiller Chronicle', 1, 0, '2', 'The Name of the Wind', 2007, 1014, 0),
    (1090, FALSE, 240, FALSE, 994, 'The Kingkiller Chronicle', 2, 0, '2', 'The Wise Mans Fear', 2011, 1014, 0),
    (1091, FALSE, 240, FALSE, 835, 'A Song of Ice and Fire', 1, 0, '2', 'A Game of Thrones', 1996, 1015, 0),
    (1092, FALSE, 240, FALSE, 969, 'A Song of Ice and Fire', 2, 0, '2', 'A Clash of Kings', 1998, 1015, 0),
    (1093, FALSE, 240, FALSE, 1177, 'A Song of Ice and Fire', 3, 0, '2', 'A Storm of Swords', 2000, 1015, 0),
    (1094, FALSE, 240, FALSE, 1061, 'A Song of Ice and Fire', 4, 0, '2', 'A Feast for Crows', 2005, 1015, 0),
    (1095, FALSE, 240, FALSE, 1125, 'A Song of Ice and Fire', 5, 0, '2', 'A Dance with Dragons', 2011, 1015, 0);

INSERT INTO user (id, email, last_active, password, favorite_author_id, favorite_book_id, age, blocked_scoring_function) VALUES
    (101, 'pera@gmail.com', '2020-12-08 17:40:50', 12345, 1001, 1002, '1', 0),
    (102, 'marko@gmail.com', '2020-12-08 17:40:50', 12345, 1011, 1054, '1', 0),
    (103, 'janko@gmail.com', '2020-12-08 17:40:50', 12345, 1012, 1072, '1', 0),
    (104, 'milica@gmail.com', '2020-12-08 17:40:50', 12345, 1007, 1018, '1', 0),
    (105, 'sanja@gmail.com', '2020-12-08 17:40:50', 12345, 1014, 1065, '1', 0);

INSERT INTO book_genres (book_id, genre_id) values
    (1001, 100),
    (1001, 500),
    (1002, 100),
    (1002, 500),
    (1003, 100),
    (1003, 500),
    (1004, 100),
    (1005, 100),
    (1005, 200),
    (1006, 100),
    (1006, 200),
    (1007, 100),
    (1007, 200),
    (1008, 100),
    (1008, 200),
    (1009, 100),
    (1009, 200),
    (1010, 100),
    (1010, 200),
    (1011, 100),
    (1011, 200),
    (1012, 100),
    (1012, 200),
    (1013, 100),
    (1013, 200),
    (1014, 100),
    (1014, 200),
    (1015, 100),
    (1016, 100),
    (1017, 100),
    (1018, 100),
    (1019, 100),
    (1020, 100),
    (1020, 200),
    (1021, 100),
    (1021, 200),
    (1022, 100),
    (1022, 200),
    (1023, 100),
    (1023, 200),
    (1024, 200),
    (1024, 100),
    (1025, 100),
    (1025, 700),
    (1026, 1100),
    (1027, 1100),
    (1028, 300),
    (1029, 1000),
    (1030, 100),
    (1030, 200),
    (1031, 100),
    (1031, 200),
    (1032, 100),
    (1032, 200);

INSERT INTO score (id, value, book_id, user_id) values
    (201, 7, 1001, 101),
    (202, 5, 1011, 104),
    (203, 8, 1021, 105),
    (204, 9, 1031, 103),
    (205, 2, 1041, 102);

INSERT into user_read_books (user_id, book_id) values
    (101, 1001),
    (104, 1011),
    (105, 1021),
    (103, 1031),
    (102, 1041);




